{
    "port_config": {
        "port0": {
            "lo": 11500,
            "nco": 1500,
            "awg0": 0,
            "awg1": 0,
            "awg2": 0,
            "vatt": 2048
        },
        "port5": {
            "lo": 9500,
            "nco": 1875,
            "awg0": 0,
            "awg1": 0,
            "awg2": 0,
            "vatt": 2048
        },
        "port6": {
            "lo": 10000,
            "nco": 1500,
            "awg0": 0,
            "awg1": 0,
            "awg2": 0,
            "vatt": 2048
        },
        "port7": {
            "lo": 9500,
            "nco": 1125,
            "awg0": 0,
            "awg1": 0,
            "awg2": 0,
            "vatt": 2048
        },
        "port8": {
            "lo": 9000,
            "nco": 1875,
            "awg0": 0,
            "awg1": 0,
            "awg2": 0,
            "vatt": 2048
        }
    },
    "cavity_frequency": {
        "Q08": 9902.0e6,
        "Q09": 10108.2e6,
        "Q10": 10173.0e6,
        "Q11": 10031.5e6
    },
    "transmon_dressed_frequency_ge": {
        "Q08": 7652.09e6,
        "Q09": 8447.95e6,
        "Q10": 8332.59e6,
        "Q11": 7160.0e6
    },
    "transmon_bare_frequency_ge": {
        "Q08": 7650.92e6,
        "Q09": 8456.053e6,
        "Q10": 8336.76e6,
        "Q11": 7182.432e6
    },
    "anharmonicity": {
        "Q08": -356e6,
        "Q09": -448e6,
        "Q10": -412e6,
        "Q11": -368e6
    },
    "readout_amplitude": {
        "Q08": 0.01,
        "Q09": 0.01,
        "Q10": 0.01,
        "Q11": 0.01
    },
    "default_hpi_amplitude": {
        "Q08": 0.05132,
        "Q09": 0.03825,
        "Q10": 0.05161,
        "Q11": 0.05
    }
}